{"cameraMode":{"drawMode":0,"name":"Shaded","section":"Shading Mode"},"sceneLighting":false,"audioPlay":false,"sceneViewState":{"m_AlwaysRefresh":false,"showFog":true,"showSkybox":false,"showFlares":true,"showImageEffects":true,"showParticleSystems":true,"showVisualEffectGraphs":true,"m_FxEnabled":true},"in2DMode":false,"pivot":{"x":-18.181135177612306,"y":-8.040327072143555,"z":4.558960914611816},"rotation":{"x":0.6640288233757019,"y":0.029784496873617173,"z":-0.026487236842513086,"w":0.7466599345207214},"size":17.83180809020996,"orthographic":false}