{"cameraMode":{"drawMode":0,"name":"Shaded","section":"Shading Mode"},"sceneLighting":true,"audioPlay":false,"sceneViewState":{"m_AlwaysRefresh":false,"showFog":true,"showSkybox":true,"showFlares":true,"showImageEffects":true,"showParticleSystems":true,"showVisualEffectGraphs":true,"m_FxEnabled":true},"in2DMode":false,"pivot":{"x":199.76535034179688,"y":25.780527114868165,"z":149.38316345214845},"rotation":{"x":-0.09077401459217072,"y":0.9085929989814758,"z":-0.30457115173339846,"w":-0.27125823497772219},"size":21.362743377685548,"orthographic":false}